{
    "spider": "https://gitee.com/xiaoran67/update/raw/master/assets/xiaoran/lib/jar/%E7%9F%AD%E5%89%A7.jar",
    "warningText": "接口免费整理维护，请勿付费购买",
    "lives": [
        {
        "name": "🌞Acwing",
        "type": 0,
        "url": "https://git.acwing.com/xiaoran67/source/-/raw/main/output/result.txt",
        "ua": "okhttp/3.15",
        "epg": "http://epg.51zmt.top:8000/api/diyp/?ch={name}&date={date}",
        "logo": "https://epg.112114.xyz/logo/{name}.png"
        },
        {
        "name": "🌞Github",
        "type": 0,
        "url": "https://raw.githubusercontent.com/xiaoran67/update/refs/heads/main/output/result.txt",
        "ua": "okhttp/3.15",
        "epg": "http://epg.51zmt.top:8000/api/diyp/?ch={name}&date={date}",
        "logo": "https://epg.112114.xyz/logo/{name}.png"
        },
        {
        "name": "🐲青龙Acwing",
        "type": 0,
        "url": "https://git.acwing.com/xiaoran67/source/-/raw/main/output/custom.txt",
        "ua": "okhttp/3.15",
        "epg": "http://epg.51zmt.top:8000/api/diyp/?ch={name}&date={date}",
        "logo": "https://epg.112114.xyz/logo/{name}.png"
        },
        {
        "name": "🐯白虎Acwing",
        "type": 0,
        "url": "https://git.acwing.com/xiaoran67/source/-/raw/main/output/full.txt",
        "ua": "okhttp/3.15",
        "epg": "http://epg.51zmt.top:8000/api/diyp/?ch={name}&date={date}",
        "logo": "https://epg.112114.xyz/logo/{name}.png"
        },
        {
        "name": "🦜朱雀Acwing",
        "type": 0,
        "url": "https://git.acwing.com/xiaoran67/source/-/raw/main/output/simple.txt",
        "ua": "okhttp/3.15",
        "epg": "http://epg.51zmt.top:8000/api/diyp/?ch={name}&date={date}",
        "logo": "https://epg.112114.xyz/logo/{name}.png"
        },
        {
        "name": "🐢玄武Acwing",
        "type": 0,
        "url": "https://git.acwing.com/xiaoran67/source/-/raw/main/output/others.txt",
        "ua": "okhttp/3.15",
        "epg": "http://epg.51zmt.top:8000/api/diyp/?ch={name}&date={date}",
        "logo": "https://epg.112114.xyz/logo/{name}.png"
        },
        {
        "name": "🐲青龙",
        "type": 0,
        "url": "https://raw.githubusercontent.com/xiaoran67/update/refs/heads/main/output/custom.txt",
        "ua": "okhttp/3.15",
        "epg": "http://epg.51zmt.top:8000/api/diyp/?ch={name}&date={date}",
        "logo": "https://epg.112114.xyz/logo/{name}.png"
        },
        {
        "name": "🐯白虎",
        "type": 0,
        "url": "https://raw.githubusercontent.com/xiaoran67/update/refs/heads/main/output/full.txt",
        "ua": "okhttp/3.15",
        "epg": "http://epg.51zmt.top:8000/api/diyp/?ch={name}&date={date}",
        "logo": "https://epg.112114.xyz/logo/{name}.png"
        },
        {
        "name": "🦜朱雀",
        "type": 0,
        "url": "https://raw.githubusercontent.com/xiaoran67/update/refs/heads/main/output/simple.txt",
        "ua": "okhttp/3.15",
        "epg": "http://epg.51zmt.top:8000/api/diyp/?ch={name}&date={date}",
        "logo": "https://epg.112114.xyz/logo/{name}.png"
        },
        {
        "name": "🐢玄武",
        "type": 0,
        "url": "https://raw.githubusercontent.com/xiaoran67/update/refs/heads/main/output/others.txt",
        "ua": "okhttp/3.15",
        "epg": "http://epg.51zmt.top:8000/api/diyp/?ch={name}&date={date}",
        "logo": "https://epg.112114.xyz/logo/{name}.png"
        },
        {
        "name": "⭐星辰",
        "type": 0,
        "url": "https://raw.githubusercontent.com/xiaoran67/update/refs/heads/main/output/simple/custom.txt",
        "ua": "okhttp/3.15",
        "epg": "http://epg.51zmt.top:8000/api/diyp/?ch={name}&date={date}",
        "logo": "https://epg.112114.xyz/logo/{name}.png"
        },
        {
        "name": "‍🔥深渊",
        "type": 0,
        "url": "https://raw.githubusercontent.com/xiaoran67/update/refs/heads/main/output/simple/full.txt",
        "ua": "okhttp/3.15",
        "epg": "http://epg.51zmt.top:8000/api/diyp/?ch={name}&date={date}",
        "logo": "https://epg.112114.xyz/logo/{name}.png"
        },
        {
        "name": "🚘潇然",
        "type": 0,
        "url": "https://raw.githubusercontent.com/xiaoran67/update/refs/heads/main/output/simple/simple.txt",
        "ua": "okhttp/3.15",
        "epg": "http://epg.51zmt.top:8000/api/diyp/?ch={name}&date={date}",
        "logo": "https://epg.112114.xyz/logo/{name}.png"
        },
        {
        "name": "🌞觉醒",
        "type": 0,
        "url": "https://raw.githubusercontent.com/xiaoran67/update/refs/heads/main/output/simple/others.txt",
        "ua": "okhttp/3.15",
        "epg": "http://epg.51zmt.top:8000/api/diyp/?ch={name}&date={date}",
        "logo": "https://epg.112114.xyz/logo/{name}.png"
        },
        {
        "name": "🍌香蕉",
        "type": 0,
        "url": "https://raw.githubusercontent.com/xiaoran67/update/refs/heads/main/output/result.txt",
        "ua": "okhttp/3.15",
        "epg": "http://epg.51zmt.top:8000/api/diyp/?ch={name}&date={date}",
        "logo": "https://epg.112114.xyz/logo/{name}.png"
        },
        {
        "name": "🍎苹果",
        "type": 0,
        "url": "https://raw.githubusercontent.com/xiaoran67/update/refs/heads/main/output/special/live_special.txt",
        "ua": "okhttp/3.15",
        "epg": "http://epg.51zmt.top:8000/api/diyp/?ch={name}&date={date}",
        "logo": "https://epg.112114.xyz/logo/{name}.png"
        },
        {
        "name": "🍈哈密瓜",
        "type": 0,
        "url": "https://raw.githubusercontent.com/xiaoran67/update/refs/heads/main/output/source/custom.txt",
        "ua": "okhttp/3.15",
        "epg": "http://epg.51zmt.top:8000/api/diyp/?ch={name}&date={date}",
        "logo": "https://epg.112114.xyz/logo/{name}.png"
        },
        {
        "name": "🥭芒果",
        "type": 0,
        "url": "https://raw.githubusercontent.com/xiaoran67/update/refs/heads/main/output/source/full.txt",
        "ua": "okhttp/3.15",
        "epg": "http://epg.51zmt.top:8000/api/diyp/?ch={name}&date={date}",
        "logo": "https://epg.112114.xyz/logo/{name}.png"
        },
        {
        "name": "🍓草莓",
        "type": 0,
        "url": "https://raw.githubusercontent.com/xiaoran67/update/refs/heads/main/output/source/simple.txt",
        "epg": "http://epg.51zmt.top:8000/api/diyp/?ch={name}&date={date}",
        "logo": "https://epg.112114.xyz/logo/{name}.png"
        },
        {
        "name": "🍑水蜜桃",
        "type": 0,
        "url": "https://raw.githubusercontent.com/xiaoran67/update/refs/heads/main/output/source/others.txt",
        "ua": "okhttp/3.15",
        "epg": "http://epg.51zmt.top:8000/api/diyp/?ch={name}&date={date}",
        "logo": "https://epg.112114.xyz/logo/{name}.png"
        },
        {
        "name": "🍉西瓜",
        "type": 0,
        "url": "https://raw.githubusercontent.com/xiaoran67/update/refs/heads/main/output/subscribe/custom.txt",
        "ua": "okhttp/3.15",
        "epg": "http://epg.51zmt.top:8000/api/diyp/?ch={name}&date={date}",
        "logo": "https://epg.112114.xyz/logo/{name}.png"
        },
        {
        "name": "🍊橘子",
        "type": 0,
        "url": "https://raw.githubusercontent.com/xiaoran67/update/refs/heads/main/output/subscribe/simple.txt",
        "ua": "okhttp/3.15",
        "epg": "http://epg.51zmt.top:8000/api/diyp/?ch={name}&date={date}",
        "logo": "https://epg.112114.xyz/logo/{name}.png"
        },
        {
        "name": "🍒荔枝",
        "type": 0,
        "url": "https://raw.githubusercontent.com/xiaoran67/update/refs/heads/main/output/subscribe/others.txt",
        "ua": "okhttp/3.15",
        "epg": "http://epg.51zmt.top:8000/api/diyp/?ch={name}&date={date}",
        "logo": "https://epg.112114.xyz/logo/{name}.png"
        },
        {
        "name": "🍇葡萄",
        "type": 0,
        "url": "https://raw.githubusercontent.com/xiaoran67/update/refs/heads/main/assets/blacklist2/result.txt",
        "ua": "okhttp/3.15",
        "epg": "http://epg.51zmt.top:8000/api/diyp/?ch={name}&date={date}",
        "logo": "https://epg.112114.xyz/logo/{name}.png"
        },
        {
        "name": "🍄蘑菇",
        "type": 0,
        "url": "https://raw.githubusercontent.com/xiaoran67/update/refs/heads/main/assets/blacklist3/result.txt",
        "ua": "okhttp/3.15",
        "epg": "http://epg.51zmt.top:8000/api/diyp/?ch={name}&date={date}",
        "logo": "https://epg.112114.xyz/logo/{name}.png"
        },
        {
        "name": "🍆茄子",
        "type": 0,
        "url": "https://freetv.fun/test_channels_original_new.txt",
        "ua": "okhttp/3.15",
        "epg": "http://epg.51zmt.top:8000/api/diyp/?ch={name}&date={date}",
        "logo": "https://epg.112114.xyz/logo/{name}.png"
        },
        {
        "name": "🌶️辣椒",
        "type": 0,
        "url": "https://live.izbds.com/tv/iptv4.txt",
        "ua": "okhttp/3.15",
        "epg": "http://epg.51zmt.top:8000/api/diyp/?ch={name}&date={date}",
        "logo": "https://epg.112114.xyz/logo/{name}.png"
        },
        {
        "name": "🍅番茄",
        "type": 0,
        "url": "https://git.acwing.com/bang359/ba/-/raw/main/dsj4.16.txt",
        "ua": "okhttp/3.15",
        "epg": "http://epg.51zmt.top:8000/api/diyp/?ch={name}&date={date}",
        "logo": "https://epg.112114.xyz/logo/{name}.png"
        },
        {
        "name": "🌽玉米",
        "type": 0,
        "url": "https://szyyds.cn/tv/live/x.txt",
        "ua": "okhttp/3.15",
        "epg": "http://epg.51zmt.top:8000/api/diyp/?ch={name}&date={date}",
        "logo": "https://epg.112114.xyz/logo/{name}.png"
        },
        {
        "name": "🥕萝卜",
        "type": 0,
        "url": "https://raw.githubusercontent.com/xiaoran67/update/refs/heads/main/assets/blacklist1/whitelist_auto.txt",
        "ua": "okhttp/3.15",
        "epg": "http://epg.51zmt.top:8000/api/diyp/?ch={name}&date={date}",
        "logo": "https://epg.112114.xyz/logo/{name}.png"
        },
        {
        "name": "🥦花菜",
        "type": 0,
        "url": "https://raw.githubusercontent.com/xiaoran67/update/refs/heads/main/assets/blacklist1/whitelist_auto_tv.txt",
        "ua": "okhttp/3.15",
        "epg": "http://epg.51zmt.top:8000/api/diyp/?ch={name}&date={date}",
        "logo": "https://epg.112114.xyz/logo/{name}.png"
        },
        {
        "name": "🍠红薯",
        "type": 0,
        "url": "https://raw.githubusercontent.com/xiaoran67/update/refs/heads/main/assets/blacklist1/blacklist_auto.txt",
        "ua": "okhttp/3.15",
        "epg": "http://epg.51zmt.top:8000/api/diyp/?ch={name}&date={date}",
        "logo": "https://epg.112114.xyz/logo/{name}.png"
        },
        {
        "name": "🐭鼠",
        "type": 0,
        "url": "https://raw.githubusercontent.com/xiaoran67/update/refs/heads/main/assets/xiaoran/lib/live/iptv%20(1).txt",
        "ua": "okhttp/3.15",
        "epg": "http://epg.51zmt.top:8000/api/diyp/?ch={name}&date={date}",
        "logo": "https://epg.112114.xyz/logo/{name}.png"
        },
        {
        "name": "🐮牛",
        "type": 0,
        "url": "https://raw.githubusercontent.com/xiaoran67/update/refs/heads/main/assets/xiaoran/lib/live/iptv%20(2).txt",
        "ua": "okhttp/3.15",
        "epg": "http://epg.51zmt.top:8000/api/diyp/?ch={name}&date={date}",
        "logo": "https://epg.112114.xyz/logo/{name}.png"
        },
        {
        "name": "🐯虎",
        "type": 0,
        "url": "https://raw.githubusercontent.com/xiaoran67/update/refs/heads/main/assets/xiaoran/lib/live/iptv%20(3).txt",
        "ua": "okhttp/3.15",
        "epg": "http://epg.51zmt.top:8000/api/diyp/?ch={name}&date={date}",
        "logo": "https://epg.112114.xyz/logo/{name}.png"
        },
        {
        "name": "🐰兔",
        "type": 0,
        "url": "https://raw.githubusercontent.com/xiaoran67/update/refs/heads/main/assets/xiaoran/lib/live/iptv%20(4).txt",
        "ua": "okhttp/3.15",
        "epg": "http://epg.51zmt.top:8000/api/diyp/?ch={name}&date={date}",
        "logo": "https://epg.112114.xyz/logo/{name}.png"
        },
        {
        "name": "🐲龙🐉",
        "type": 0,
        "url": "https://raw.githubusercontent.com/xiaoran67/update/refs/heads/main/assets/xiaoran/lib/live/a/banana.txt",
        "ua": "okhttp/3.15",
        "epg": "http://epg.51zmt.top:8000/api/diyp/?ch={name}&date={date}",
        "logo": "https://epg.112114.xyz/logo/{name}.png"
        },
        {
        "name": "🐍蛇",
        "type": 0,
        "url": "https://raw.githubusercontent.com/xiaoran67/update/refs/heads/main/assets/xiaoran/lib/live/a/orange.txt",
        "ua": "okhttp/3.15",
        "epg": "http://epg.51zmt.top:8000/api/diyp/?ch={name}&date={date}",
        "logo": "https://epg.112114.xyz/logo/{name}.png"
        },
        {
        "name": "🐴马",
        "type": 0,
        "url": "https://raw.githubusercontent.com/xiaoran67/update/refs/heads/main/assets/xiaoran/lib/live/b/%E5%85%A8%E7%90%83%E9%A2%91%E9%81%93.txt",
        "ua": "okhttp/3.15",
        "epg": "http://epg.51zmt.top:8000/api/diyp/?ch={name}&date={date}",
        "logo": "https://epg.112114.xyz/logo/{name}.png"
        },
        {
        "name": "🐑羊",
        "type": 0,
        "url": "https://raw.githubusercontent.com/xiaoran67/update/refs/heads/main/assets/xiaoran/lib/live/b/%E5%9C%B0%E6%96%B9%E9%A2%91%E9%81%93.txt",
        "ua": "okhttp/3.15",
        "epg": "http://epg.51zmt.top:8000/api/diyp/?ch={name}&date={date}",
        "logo": "https://epg.112114.xyz/logo/{name}.png"
        },
        {
        "name": "🐒猴",
        "type": 0,
        "url": "https://raw.githubusercontent.com/xiaoran67/update/refs/heads/main/assets/xiaoran/lib/live/b/%E8%A7%A3%E8%AF%B4%E9%A2%91%E9%81%93.txt",
        "ua": "okhttp/3.15",
        "epg": "http://epg.51zmt.top:8000/api/diyp/?ch={name}&date={date}",
        "logo": "https://epg.112114.xyz/logo/{name}.png"
        },
        {
        "name": "🐔鸡",
        "type": 0,
        "url": "https://raw.githubusercontent.com/xiaoran67/update/refs/heads/main/assets/xiaoran/lib/live/b/%E9%9F%B3%E4%B9%90%E9%A2%91%E9%81%93.txt",
        "ua": "okhttp/3.15",
        "epg": "http://epg.51zmt.top:8000/api/diyp/?ch={name}&date={date}",
        "logo": "https://epg.112114.xyz/logo/{name}.png"
        },
        {
        "name": "🐶狗",
        "type": 0,
        "url": "https://raw.githubusercontent.com/xiaoran67/update/refs/heads/main/assets/xiaoran/lib/live/b/%E9%9F%B3%E4%B9%90%E9%A2%91%E9%81%93_%E9%83%A8%E5%88%86.txt",
        "ua": "okhttp/3.15",
        "epg": "http://epg.51zmt.top:8000/api/diyp/?ch={name}&date={date}",
        "logo": "https://epg.112114.xyz/logo/{name}.png"
        },
        {
        "name": "🐷猪",
        "type": 0,
        "url": "https://raw.githubusercontent.com/xiaoran67/update/refs/heads/main/assets/xiaoran/lib/live/b/%E5%90%8D%E8%8F%9C%E9%A3%9F%E8%B0%B1.txt",
        "ua": "okhttp/3.15",
        "epg": "http://epg.51zmt.top:8000/api/diyp/?ch={name}&date={date}",
        "logo": "https://epg.112114.xyz/logo/{name}.png"
        },
        {
        "name": "🐭鼠",
        "type": 0,
        "url": "https://gitee.com/xiaoran67/update/raw/master/assets/xiaoran/lib/live/iptv%20(1).txt",
        "ua": "okhttp/3.15",
        "epg": "http://epg.51zmt.top:8000/api/diyp/?ch={name}&date={date}",
        "logo": "https://epg.112114.xyz/logo/{name}.png"
        },
        {
        "name": "🐮牛",
        "type": 0,
        "url": "https://gitee.com/xiaoran67/update/raw/master/assets/xiaoran/lib/live/iptv%20(2).txt",
        "ua": "okhttp/3.15",
        "epg": "http://epg.51zmt.top:8000/api/diyp/?ch={name}&date={date}",
        "logo": "https://epg.112114.xyz/logo/{name}.png"
        },
        {
        "name": "🐯虎",
        "type": 0,
        "url": "https://gitee.com/xiaoran67/update/raw/master/assets/xiaoran/lib/live/iptv%20(3).txt",
        "ua": "okhttp/3.15",
        "epg": "http://epg.51zmt.top:8000/api/diyp/?ch={name}&date={date}",
        "logo": "https://epg.112114.xyz/logo/{name}.png"
        },
        {
        "name": "🐰兔",
        "type": 0,
        "url": "https://gitee.com/xiaoran67/update/raw/master/assets/xiaoran/lib/live/iptv%20(4).txt",
        "ua": "okhttp/3.15",
        "epg": "http://epg.51zmt.top:8000/api/diyp/?ch={name}&date={date}",
        "logo": "https://epg.112114.xyz/logo/{name}.png"
        },
        {
        "name": "🐲龙🐉",
        "type": 0,
        "url": "https://gitee.com/xiaoran67/update/raw/master/assets/xiaoran/lib/live/a/banana.txt",
        "ua": "okhttp/3.15",
        "epg": "http://epg.51zmt.top:8000/api/diyp/?ch={name}&date={date}",
        "logo": "https://epg.112114.xyz/logo/{name}.png"
        },
        {
        "name": "🐍蛇",
        "type": 0,
        "url": "https://gitee.com/xiaoran67/update/raw/master/assets/xiaoran/lib/live/a/orange.txt",
        "ua": "okhttp/3.15",
        "epg": "http://epg.51zmt.top:8000/api/diyp/?ch={name}&date={date}",
        "logo": "https://epg.112114.xyz/logo/{name}.png"
        },
        {
        "name": "🐴马",
        "type": 0,
        "url": "https://gitee.com/xiaoran67/update/raw/master/assets/xiaoran/lib/live/b/%E5%85%A8%E7%90%83%E9%A2%91%E9%81%93.txt",
        "ua": "okhttp/3.15",
        "epg": "http://epg.51zmt.top:8000/api/diyp/?ch={name}&date={date}",
        "logo": "https://epg.112114.xyz/logo/{name}.png"
        },
        {
        "name": "🐑羊",
        "type": 0,
        "url": "https://gitee.com/xiaoran67/update/raw/master/assets/xiaoran/lib/live/b/%E5%9C%B0%E6%96%B9%E9%A2%91%E9%81%93.txt",
        "ua": "okhttp/3.15",
        "epg": "http://epg.51zmt.top:8000/api/diyp/?ch={name}&date={date}",
        "logo": "https://epg.112114.xyz/logo/{name}.png"
        },
        {
        "name": "🐒猴",
        "type": 0,
        "url": "https://gitee.com/xiaoran67/update/raw/master/assets/xiaoran/lib/live/b/%E8%A7%A3%E8%AF%B4%E9%A2%91%E9%81%93.txt",
        "ua": "okhttp/3.15",
        "epg": "http://epg.51zmt.top:8000/api/diyp/?ch={name}&date={date}",
        "logo": "https://epg.112114.xyz/logo/{name}.png"
        },
        {
        "name": "🐔鸡",
        "type": 0,
        "url": "https://gitee.com/xiaoran67/update/raw/master/assets/xiaoran/lib/live/b/%E9%9F%B3%E4%B9%90%E9%A2%91%E9%81%93.txt",
        "ua": "okhttp/3.15",
        "epg": "http://epg.51zmt.top:8000/api/diyp/?ch={name}&date={date}",
        "logo": "https://epg.112114.xyz/logo/{name}.png"
        },
        {
        "name": "🐶狗",
        "type": 0,
        "url": "https://gitee.com/xiaoran67/update/raw/master/assets/xiaoran/lib/live/b/%E9%9F%B3%E4%B9%90%E9%A2%91%E9%81%93_%E9%83%A8%E5%88%86.txt",
        "ua": "okhttp/3.15",
        "epg": "http://epg.51zmt.top:8000/api/diyp/?ch={name}&date={date}",
        "logo": "https://epg.112114.xyz/logo/{name}.png"
        },
        {
        "name": "🐷猪",
        "type": 0,
        "url": "https://gitee.com/xiaoran67/update/raw/master/assets/xiaoran/lib/live/b/%E5%90%8D%E8%8F%9C%E9%A3%9F%E8%B0%B1.txt",
        "ua": "okhttp/3.15",
        "epg": "http://epg.51zmt.top:8000/api/diyp/?ch={name}&date={date}",
        "logo": "https://epg.112114.xyz/logo/{name}.png"
        }
        ],
    "sites": [
        {
            "key": "cctv",
            "name": "📺央视｜大全",
            "type": 3,
            "api": "csp_CCTV",
            "searchable": 0,
            "filterable": 0,
            "ext": "https://gitee.com/lukei7/lib/raw/Luck/央视大全.json",
            "jar": "https://gitee.com/lukei7/lib/raw/Luck/HeChengChaXiu.jar"
        },
        {
            "key": "央视经典",
            "name": "📺央视｜经典",
            "type": 3,
            "api": "csp_Bili",
            "searchable": 0,
            "quickSearch": 1,
            "filterable": 1,
            "ext": "https://gitee.com/lukei7/lib/raw/Luck/%E5%93%94%E5%93%A9%E7%BB%8F%E5%85%B8.json"
        },
        {
            "key": "豆瓣资源",
            "name": "🚀豆瓣采集",
            "type": 1,
            "quickSearch": 1,
            "api": "https://caiji.dbzy.tv/api.php/provide/vod/"
        },
        {
            "key": "淘片",
            "name": "🚀淘片采集",
            "type": 1,
            "quickSearch": 1,
            "api": "https://taopianapi.com/cjapi/mc/vod/json.html",
            "categories": [
                "动漫/国产动漫",
                "动漫/日本动漫",
                "综艺/大陆综艺"
            ]
        },
        {
            "key": "最大",
            "name": "🚀最大采集",
            "type": 1,
            "api": "https://zuida.xyz/api.php/provide/vod/",
            "quickSearch": 1,
            "searchable": 1,
            "changeable": 1,
            "categories": [
                "日本动漫",
                "国产动漫",
                "欧美动漫",
                "国产剧",
                "韩剧",
                "日剧",
                "台剧",
                "泰剧",
                "港剧",
                "欧美剧",
                "动画电影",
                "韩国综艺",
                "国产综艺",
                "日本综艺",
                "欧美综艺",
                "冒险片",
                "剧情片",
                "动作片",
                "同性片",
                "喜剧片",
                "奇幻片",
                "恐怖片",
                "悬疑片",
                "惊悚片",
                "战争片",
                "歌舞片",
                "灾难片",
                "爱情片",
                "犯罪片",
                "科幻片",
                "纪录片",
                "经典片"
            ]
        },
        {
            "key": "金鹰",
            "name": "🚀金鹰采集",
            "type": 1,
            "api": "https://jyzyapi.com/api.php/provide/vod/",
            "quickSearch": 1,
            "searchable": 1,
            "changeable": 1,
            "categories": [
                "中国动漫",
                "日本动漫",
                "内地剧"
            ]
        },
        {
            "key": "快鹰",
            "name": "🚀快鹰采集",
            "type": 1,
            "api": "http://savviuux.hk3.345888.xyz.cdn.cloudflare.net/api.php/provide/vod/",
            "quickSearch": 1,
            "searchable": 1,
            "changeable": 1,
            "categories": [
                "动漫",
                "电视剧",
                "综艺",
                "短剧"
            ]
        },
        {
            "key": "百度",
            "name": "🚀百度采集",
            "type": 1,
            "api": "https://api.apibdzy.com/api.php/provide/vod/",
            "playUrl": "https://jx.jxbdzyw.com/m3u8/?url=",
            "quickSearch": 1,
            "searchable": 1,
            "changeable": 1,
            "categories": [
                "国产动漫",
                "日韩动漫",
                "大陆剧",
                "大陆综艺"
            ]
        },
        {
            "key": "魔爪",
            "name": "🚀魔爪采集",
            "type": 1,
            "api": "https://mozhuazy.com/api.php/provide/vod/",
            "playUrl": "https://mzm3u8jx.com/aliplayer.html?url=",
            "quickSearch": 1,
            "searchable": 1,
            "changeable": 1,
            "categories": [
                "日本动漫",
                "国产动漫",
                "欧美动漫",
                "国产剧",
                "韩剧",
                "日剧",
                "台剧",
                "泰剧",
                "港剧",
                "欧美剧",
                "动画电影",
                "韩国综艺",
                "国产综艺",
                "日本综艺",
                "欧美综艺",
                "冒险片",
                "剧情片",
                "动作片",
                "同性片",
                "喜剧片",
                "奇幻片",
                "恐怖片",
                "悬疑片",
                "惊悚片",
                "战争片",
                "歌舞片",
                "灾难片",
                "爱情片",
                "犯罪片",
                "科幻片",
                "纪录片",
                "经典片"
            ]
        },
        {
            "key": "木耳",
            "name": "🪴木耳┃秒播",
            "type": 1,
            "api": "https://json02.heimuer.xyz/api.php/provide/vod",
            "searchable": 1,
            "filterable": 1,
            "changeable": 1,
            "timeout": 20,
            "categories": [
                "剧情片",
                "动作片",
                "冒险片",
                "喜剧片",
                "奇幻片",
                "恐怖片",
                "悬疑片",
                "惊悚片",
                "灾难片",
                "爱情片",
                "犯罪片",
                "科幻片",
                "歌舞片",
                "战争片",
                "经典片",
                "动画电影",
                "网络电影",
                "其他片",
                "国产剧",
                "港剧",
                "韩剧",
                "日剧",
                "泰剧",
                "台剧",
                "欧美剧",
                "新马剧",
                "其他剧",
                "国产综艺",
                "港台综艺",
                "韩国综艺",
                "日本综艺",
                "欧美综艺",
                "新马泰综艺",
                "其他综艺",
                "古装短剧",
                "虐恋短剧",
                "逆袭短剧",
                "神豪短剧",
                "重生短剧",
                "复仇短剧",
                "穿越短剧",
                "甜宠短剧",
                "强者短剧",
                "欧美动漫",
                "日本动漫",
                "韩国动漫",
                "国产动漫",
                "港台动漫"
            ],
            "header": {
                "user-agent": "Mozilla/5.0 (Windows NT 10.0;Win64;x64) AppleWebKit/537.36 (KHTML,like Gecko) Chrome/125.0.0.0 Safari/537.36"
            }
        },
        {
            "key": "U酷资源",
            "name": "U酷资源",
            "api": "https://api.ukuapi88.com/api.php/provide/vod/",
            "playUrl": "",
            "search": 1,
            "group": "影视",
            "isActive": true,
            "ext": "",
            "categories": "",
            "type": 1,
            "id": 4
        },
        {
            "key": "360资源",
            "name": "360资源",
            "api": "https://360zy.com/api.php/provide/vod/",
            "playUrl": "",
            "search": 1,
            "group": "影视",
            "isActive": true,
            "ext": "",
            "categories": "",
            "type": 1,
            "id": 5
        },
        {
            "key": "黑木耳资源",
            "name": "黑木耳资源",
            "api": "https://json.heimuer.tv/api.php/provide/vod/",
            "playUrl": "",
            "search": 1,
            "group": "影视",
            "isActive": true,
            "ext": "",
            "categories": "",
            "type": 1,
            "id": 6
        },
        {
            "key": "鸭鸭资源",
            "name": "鸭鸭资源",
            "api": "https://cj.yayazy.net/api.php/provide/vod/",
            "playUrl": "",
            "search": 1,
            "group": "影视",
            "isActive": true,
            "ext": "",
            "categories": "",
            "type": 1,
            "id": 7
        },
        {
            "key": "牛牛资源",
            "name": "牛牛资源",
            "api": "https://api.niuniuzy.me/api.php/provide/vod/",
            "playUrl": "",
            "search": 1,
            "group": "影视",
            "isActive": true,
            "ext": "",
            "categories": "",
            "type": 1,
            "id": 8
        },
        {
            "key": "淘片资源",
            "name": "淘片资源",
            "api": "https://taopianapi.com/cjapi/mc10/vod/json.html",
            "playUrl": "",
            "search": 1,
            "group": "影视",
            "isActive": true,
            "ext": "",
            "categories": "",
            "type": 1,
            "id": 10
        },
        {
            "key": "索尼资源",
            "name": "索尼资源",
            "api": "https://suoniapi.com/api.php/provide/vod/",
            "playUrl": "",
            "search": 1,
            "group": "影视",
            "isActive": true,
            "ext": "",
            "categories": "",
            "type": 1,
            "id": 12
        },
        {
            "key": "豪华资源",
            "name": "豪华资源",
            "api": "https://hhzyapi.com/api.php/provide/vod/",
            "playUrl": "",
            "search": 1,
            "group": "影视",
            "isActive": true,
            "ext": "",
            "categories": "",
            "type": 1,
            "id": 13
        },
        {
            "key": "速播资源",
            "name": "速播资源",
            "api": "https://subocaiji.com/api.php/provide/vod/",
            "playUrl": "",
            "search": 1,
            "group": "影视",
            "isActive": true,
            "ext": "",
            "categories": "",
            "type": 1,
            "id": 14
        },
        {
            "key": "虎牙资源",
            "name": "虎牙资源",
            "api": "https://www.huyaapi.com/api.php/provide/vod/",
            "playUrl": "",
            "search": 1,
            "group": "影视",
            "isActive": true,
            "ext": "",
            "categories": "",
            "type": 1,
            "id": 15
        },
        {
            "key": "最大资源",
            "name": "最大资源",
            "api": "https://api.zuidapi.com/api.php/provide/vod/",
            "playUrl": "",
            "search": 1,
            "group": "影视",
            "isActive": true,
            "ext": "",
            "categories": "",
            "type": 1,
            "id": 17
        },
        {
            "key": "暴风资源",
            "name": "暴风资源",
            "api": "https://bfzyapi.com/api.php/provide/vod/",
            "playUrl": "",
            "search": 1,
            "group": "影视",
            "isActive": true,
            "ext": "",
            "categories": "",
            "type": 1,
            "id": 18
        },
        {
            "key": "CK资源",
            "name": "CK资源",
            "api": "https://ckzy.me/api.php/provide/vod/",
            "playUrl": "",
            "search": 1,
            "group": "影视",
            "isActive": true,
            "ext": "",
            "categories": "",
            "type": 1,
            "id": 19
        },
        {
            "key": "极速资源",
            "name": "极速资源",
            "api": "https://jszyapi.com/api.php/provide/vod/",
            "playUrl": "",
            "search": 1,
            "group": "影视",
            "isActive": true,
            "ext": "",
            "categories": "",
            "type": 1,
            "id": 20
        },
        {
            "key": "火狐资源",
            "name": "火狐资源",
            "api": "https://hhzyapi.com/api.php/provide/vod/",
            "playUrl": "",
            "search": 1,
            "group": "影视",
            "isActive": true,
            "ext": "",
            "categories": "",
            "type": 1,
            "id": 21
        },
        {
            "key": "金鹰资源",
            "name": "金鹰资源",
            "api": "https://jyzyapi.com/provide/vod/",
            "playUrl": "",
            "search": 1,
            "group": "影视",
            "isActive": true,
            "ext": "",
            "categories": "",
            "type": 1,
            "id": 22
        },
        {
            "key": "爱坤资源",
            "name": "爱坤资源",
            "api": "https://ikunzyapi.com/api.php/provide/vod/",
            "playUrl": "",
            "search": 1,
            "group": "影视",
            "isActive": true,
            "ext": "",
            "categories": "",
            "type": 1,
            "id": 23
        },
        {
            "key": "非凡资源",
            "name": "非凡资源",
            "api": "http://cj.ffzyapi.com/api.php/provide/vod/",
            "playUrl": "",
            "search": 1,
            "group": "影视",
            "isActive": true,
            "ext": "",
            "categories": "",
            "type": 1,
            "id": 24
        },
        {
            "key": "量子资源",
            "name": "量子资源",
            "api": "http://cj.lziapi.com/api.php/provide/vod/",
            "playUrl": "",
            "search": 1,
            "group": "影视",
            "isActive": true,
            "ext": "",
            "categories": "",
            "type": 1,
            "id": 25
        },
        {
            "key": "卧龙资源",
            "name": "卧龙资源",
            "api": "https://collect.wolongzyw.com/api.php/provide/vod/",
            "playUrl": "",
            "search": 1,
            "group": "影视",
            "isActive": true,
            "ext": "",
            "categories": "",
            "type": 1,
            "id": 26
        },
        {
            "key": "红牛资源",
            "name": "红牛资源",
            "api": "https://www.hongniuzy2.com/api.php/provide/vod/",
            "playUrl": "",
            "search": 1,
            "group": "影视",
            "isActive": true,
            "ext": "",
            "categories": "",
            "type": 1,
            "id": 27
        },
        {
            "key": "闪电资源",
            "name": "闪电资源",
            "api": "https://sdzyapi.com/api.php/provide/vod/",
            "playUrl": "",
            "search": 1,
            "group": "影视",
            "isActive": true,
            "ext": "",
            "categories": "",
            "type": 1,
            "id": 29
        },
        {
            "key": "光速资源",
            "name": "光速资源",
            "api": "https://api.guangsuapi.com/api.php/provide/vod/",
            "playUrl": "",
            "search": 1,
            "group": "影视",
            "isActive": true,
            "ext": "",
            "categories": "",
            "type": 1,
            "id": 30
        },
        {
            "key": "新浪资源",
            "name": "新浪资源",
            "api": "http://api.xinlangapi.com/xinlangapi.php/provide/vod/",
            "playUrl": "",
            "search": 1,
            "group": "影视",
            "isActive": true,
            "ext": "",
            "categories": "",
            "type": 1,
            "id": 31
        },
        {
            "key": "百度资源",
            "name": "百度资源",
            "api": "https://api.apibdzy.com/api.php/provide/vod/",
            "playUrl": "",
            "search": 1,
            "group": "影视",
            "isActive": true,
            "ext": "",
            "categories": "",
            "type": 1,
            "id": 32
        },
        {
            "key": "无尽资源",
            "name": "无尽资源",
            "api": "https://api.wujinapi.net/api.php/provide/vod/",
            "playUrl": "",
            "search": 1,
            "group": "影视",
            "isActive": true,
            "ext": "",
            "categories": "",
            "type": 1,
            "id": 33
        },
        {
            "key": "影图",
            "name": "影图",
            "api": "https://cj.vodimg.top/api.php/provide/vod/",
            "playUrl": "",
            "search": 1,
            "group": "影视",
            "isActive": true,
            "ext": "",
            "categories": "",
            "type": 1,
            "id": 34
        },
        {
            "key": "天翼影视",
            "name": "天翼影视",
            "api": "https://www.911ysw.top/tianyi.php/provide/vod/",
            "playUrl": "",
            "search": 1,
            "group": "影视",
            "isActive": true,
            "ext": "",
            "categories": "",
            "type": 1,
            "id": 35
        },
        {
            "key": "飘零影院",
            "name": "飘零影院",
            "api": "https://p2100.net/api.php/provide/vod/",
            "playUrl": "",
            "search": 1,
            "group": "影视",
            "isActive": true,
            "ext": "",
            "categories": "",
            "type": 1,
            "id": 36
        },
        {
            "key": "如意资源",
            "name": "如意资源",
            "api": "https://cj.rycjapi.com/api.php/provide/vod/",
            "playUrl": "",
            "search": 1,
            "group": "影视",
            "isActive": true,
            "ext": "",
            "categories": "",
            "type": 1,
            "id": 37
        },
        {
            "key": "魔爪资源",
            "name": "魔爪资源",
            "api": "https://mozhuazy.com/api.php/provide/vod/",
            "playUrl": "",
            "search": 1,
            "group": "影视",
            "isActive": true,
            "ext": "",
            "categories": "",
            "type": 1,
            "id": 38
        },
        {
            "key": "优质资源库",
            "name": "优质资源库",
            "api": "https://api.yzzy-api.com/inc/api_mac10.php",
            "playUrl": "",
            "search": 1,
            "group": "影视",
            "isActive": true,
            "ext": "",
            "categories": "",
            "type": 1,
            "id": 40
        },
        {
            "key": "旺旺短剧",
            "name": "旺旺短剧",
            "api": "https://api.wwzy.tv/api.php/provide/vod/",
            "playUrl": "",
            "search": 1,
            "group": "影视",
            "isActive": true,
            "ext": "",
            "categories": "",
            "type": 1,
            "id": 41
        },
        {
            "key": "天涯资源",
            "name": "天涯资源",
            "api": "https://ty.tyyszy5.com/api.php/provide/vod/",
            "playUrl": "",
            "search": 1,
            "group": "影视",
            "isActive": true,
            "ext": "",
            "categories": "",
            "type": 1,
            "id": 42
        },
        {
            "key": "爱奇艺资源",
            "name": "爱奇艺资源",
            "api": "https://iqiyizyapi.com/api.php/provide/vod/",
            "playUrl": "",
            "search": 1,
            "group": "影视",
            "isActive": true,
            "ext": "",
            "categories": "",
            "type": 1,
            "id": 45
        },
        {
            "key": "155资源",
            "name": "155资源",
            "api": "https://155api.com/api.php/provide/vod/",
            "playUrl": "",
            "search": 1,
            "group": "影视",
            "isActive": true,
            "ext": "",
            "categories": "",
            "type": 1,
            "id": 47
        },
        {
            "key": "t9-douban",
            "name": "海哥影视-豆瓣(t9)",
            "type": 4,
            "api": "https://catbox.n13.club/t9/douban.php"
        },
        {
            "key": "t9-caiji",
            "name": "海哥影视-采集(t9)",
            "type": 4,
            "api": "https://catbox.n13.club/t9/caiji.php"
        },
        {
            "key": "t9-6v",
            "name": "海哥磁力-6V(t9)",
            "type": 4,
            "api": "https://catbox.n13.club/t9/6v.php"
        },
        {
            "key": "暴风采集",
            "name": "🚄海哥影音",
            "type": 1,
            "api": "https://app.bfzyapi.com/api.php/provide/vod/",
            "playUrl": "",
            "categories": [
                "国产剧",
                "国产动漫",
                "动作片",
                "科幻片",
                "剧情片",
                "喜剧片",
                "爱情片",
                "恐怖片",
                "战争片",
                "香港剧",
                "台湾剧",
                "日本剧",
                "欧美剧",
                "泰国剧",
                "日本动漫",
                "综艺频道",
                "大陆综艺",
                "港台综艺",
                "日本综艺",
                "新马泰综艺",
                "纪录片"
            ]
        },
        {
            "key": "海洋资源",
            "name": "海洋资源",
            "api": "https://www.seacms.org/zyapi.php",
            "playUrl": "",
            "search": 1,
            "group": "影视",
            "isActive": true,
            "ext": "",
            "categories": "",
            "type": 0,
            "id": 1
        },
        {
            "key": "csp_SNzy",
            "name": "索尼🐉蓝光",
            "type": 1,
            "api": "https://suoniapi.com/api.php/provide/vod/?ac=list",
            "searchable": 1,
            "quickSearch": 1,
            "filterable": 1,
            "categories": [
                "国产剧",
                "国产动漫",
                "大陆综艺",
                "爽文短剧",
                "韩剧",
                "泰剧",
                "港剧",
                "日剧",
                "台剧",
                "欧美剧",
                "日韩动漫",
                "日韩综艺",
                "4K电影",
                "影视解说",
                "动画片",
                "动作片",
                "喜剧片",
                "科幻片",
                "恐怖片",
                "爱情片",
                "剧情片",
                "战争片",
                "记录片",
                "海外剧",
                "欧美动漫",
                "港台动漫",
                "海外动漫",
                "港台综艺",
                "欧美综艺"
            ]
        },
        {
            "key": "csp_xml_暴风",
            "name": "🌊暴风",
            "type": 1,
            "api": "https://bfzyapi.com/api.php/provide/vod/?ac=list",
            "searchable": 1,
            "quickSearch": 1,
            "filterable": 1,
            "playerType": 2,
            "categories": [
                "动作片",
                "喜剧片",
                "科幻片",
                "恐怖片",
                "爱情片",
                "剧情片",
                "战争片",
                "纪录片",
                "国产剧",
                "欧美剧",
                "犯罪片",
                "香港剧",
                "韩国剧",
                "台湾剧",
                "日本剧",
                "海外剧",
                "其他片",
                "悬疑片",
                "奇幻片",
                "动画片",
                "国产动漫",
                "日韩动漫",
                "欧美动漫",
                "港台动漫",
                "海外动漫",
                "大陆综艺",
                "港台综艺",
                "日韩综艺",
                "欧美综艺"
            ]
        },
        {
            "key": "csp_xml_红牛",
            "name": "🐮红牛",
            "type": 1,
            "api": "https://www.hongniuzy2.com/api.php/provide/vod/",
            "searchable": 1,
            "quickSearch": 1,
            "filterable": 1,
            "playerType": 2,
            "categories": [
                "动作片",
                "喜剧片",
                "科幻片",
                "恐怖片",
                "爱情片",
                "剧情片",
                "战争片",
                "纪录片",
                "动漫电影",
                "国产剧",
                "欧美剧",
                "犯罪片",
                "港澳剧",
                "韩剧",
                "泰剧",
                "台湾剧",
                "日剧",
                "海外剧",
                "其他片",
                "悬疑片",
                "奇幻片",
                "动画片",
                "体育赛事",
                "国产动漫",
                "日本动漫",
                "欧美动漫",
                "港台动漫",
                "海外动漫",
                "大陆综艺",
                "港台综艺",
                "日韩综艺",
                "欧美综艺"
            ]
        },
        {
            "key": "csp_xml_新浪",
            "name": "🐺新浪",
            "type": 1,
            "api": "https://api.xinlangapi.com/xinlangapi.php/provide/vod/",
            "searchable": 1,
            "quickSearch": 1,
            "filterable": 1,
            "playerType": 2,
            "categories": [
                "动作片",
                "喜剧片",
                "科幻片",
                "恐怖片",
                "爱情片",
                "剧情片",
                "战争片",
                "纪录片",
                "动漫电影",
                "大陆剧",
                "欧美剧",
                "港澳剧",
                "韩剧",
                "台湾剧",
                "日剧",
                "海外剧",
                "泰剧",
                "体育",
                "国产动漫",
                "日韩动漫",
                "欧美动漫",
                "港台动漫",
                "海外动漫",
                "大陆综艺",
                "港台综艺",
                "日韩综艺",
                "欧美综艺"
            ]
        },
        {
            "key": "meowtv_lzzy",
            "name": "🎪量子",
            "type": 1,
            "api": "http://cj.lziapi.com/api.php/provide/vod/",
            "searchable": 1,
            "quickSearch": 1,
            "filterable": 0,
            "playurl": "json:http://infinity7788.com:81/FTP/lzqgg.php?url=",
            "categories": [
                "国产剧",
                "国产动漫",
                "泰国剧",
                "台湾剧",
                "香港剧",
                "欧美剧",
                "韩国剧",
                "日本剧",
                "动漫",
                "体育",
                "剧情片",
                "动作片",
                "爱情片",
                "喜剧片"
            ]
        },
        {
            "key": "csp_xml_ckzy",
            "name": "🈁CK",
            "type": 1,
            "api": "https://ckzy.me/api.php/provide/vod/?ac=list",
            "searchable": 1,
            "quickSearch": 1,
            "filterable": 1,
            "playUrl": "",
            "playerType": 2,
            "categories": [
                "动作片",
                "喜剧片",
                "科幻片",
                "恐怖片",
                "爱情片",
                "悬疑片",
                "剧情片",
                "战争片",
                "记录片",
                "动画电影",
                "国产剧",
                "欧美剧",
                "犯罪片",
                "香港剧",
                "韩国剧",
                "泰剧",
                "港台剧",
                "日韩剧",
                "海外剧",
                "其他剧",
                "悬疑片",
                "奇幻片",
                "动画片",
                "体育赛事",
                "中国动漫",
                "日本动漫",
                "欧美动漫",
                "港台动漫",
                "海外动漫",
                "大陆综艺",
                "港台综艺",
                "日韩综艺",
                "欧美综艺"
            ]
        },
        {
            "key": "py_蓝莓短剧",
            "name": "✨蓝莓短剧✨",
            "type": 3,
            "api": "https://cnb.cool/fish2018/duanju/-/git/raw/main/py/py_蓝莓短剧.py",
            "searchable": 1,
            "quickSearch": 0,
            "filterable": 0
        },
        {
            "key": "py_偷乐短剧",
            "name": "✨偷乐短剧✨",
            "type": 3,
            "api": "https://cnb.cool/fish2018/duanju/-/git/raw/main/py/py_偷乐短剧.py",
            "searchable": 1,
            "quickSearch": 0,
            "filterable": 0
        },
        {
            "key": "py_甜圈短剧",
            "name": "✨甜圈短剧✨",
            "type": 3,
            "api": "https://cnb.cool/fish2018/duanju/-/git/raw/main/py/py_甜圈短剧.py",
            "searchable": 1,
            "quickSearch": 0,
            "filterable": 0
        },
        {
            "key": "短剧网",
            "name": "✨短剧网✨",
            "type": 3,
            "jar": "https://cnb.cool/fish2018/duanju/-/git/raw/main/jar/潇洒.jar",
            "api": "csp_XBPQ",
            "ext": "https://cnb.cool/fish2018/duanju/-/git/raw/main/ext/短剧网.json"
        },
        {
            "key": "✨理理短剧✨",
            "name": "✨理理短剧✨",
            "type": 3,
            "api": "csp_XBPQ",
            "searchable": 1,
            "quickSearch": 1,
            "filterable": 1,
            "ext": "https://cnb.cool/fish2018/duanju/-/git/raw/main/ext/理理短剧.json"
        },
        {
            "key": "✨一起看✨",
            "name": "✨一起看短剧✨",
            "type": 3,
            "api": "csp_XBPQ",
            "searchable": 1,
            "quickSearch": 1,
            "filterable": 1,
            "ext": "https://cnb.cool/fish2018/duanju/-/git/raw/main/ext/一起看短剧.json"
        },
        {
            "key": "✨安迪短剧✨",
            "name": "✨安迪短剧✨",
            "type": 3,
            "api": "csp_XBPQ",
            "searchable": 1,
            "quickSearch": 1,
            "filterable": 1,
            "ext": "https://cnb.cool/fish2018/duanju/-/git/raw/main/ext/安迪短剧.json"
        },
        {
            "key": "✨PPTV✨",
            "name": "✨PP短剧✨",
            "type": 3,
            "api": "csp_XBPQ",
            "searchable": 1,
            "quickSearch": 1,
            "filterable": 1,
            "ext": "https://cnb.cool/fish2018/duanju/-/git/raw/main/ext/PP短剧.json"
        },
        {
            "key": "✨影梦短剧✨",
            "name": "✨影梦短剧✨",
            "type": 3,
            "api": "csp_XBPQ",
            "searchable": 1,
            "quickSearch": 1,
            "filterable": 1,
            "ext": "https://cnb.cool/fish2018/duanju/-/git/raw/main/ext/影梦短剧.json"
        },
        {
            "key": "✨猎手✨",
            "name": "✨猎手短剧✨",
            "type": 3,
            "api": "csp_XBPQ",
            "searchable": 1,
            "quickSearch": 1,
            "filterable": 1,
            "ext": "https://cnb.cool/fish2018/duanju/-/git/raw/main/ext/猎手短剧.json"
        },
        {
            "key": "✨妖狐短剧✨",
            "name": "✨妖狐短剧✨",
            "type": 3,
            "api": "csp_XBPQ",
            "searchable": 1,
            "quickSearch": 1,
            "filterable": 1,
            "ext": "https://cnb.cool/fish2018/duanju/-/git/raw/main/ext/妖狐短剧.json"
        },
        {
            "key": "✨555短剧✨",
            "name": "✨555短剧✨",
            "type": 3,
            "api": "csp_XBPQ",
            "searchable": 1,
            "quickSearch": 1,
            "filterable": 1,
            "ext": "https://cnb.cool/fish2018/duanju/-/git/raw/main/ext/555短剧.json"
        },
        {
            "key": "✨PTT短剧✨",
            "name": "✨PTT短剧✨",
            "type": 3,
            "api": "csp_XBPQ",
            "searchable": 1,
            "quickSearch": 1,
            "filterable": 1,
            "ext": "https://cnb.cool/fish2018/duanju/-/git/raw/main/ext/PTT短剧.json"
        },
        {
            "key": "✨七味短剧✨",
            "name": "✨七味短剧✨",
            "type": 3,
            "api": "csp_XBPQ",
            "searchable": 1,
            "quickSearch": 1,
            "filterable": 1,
            "ext": "https://cnb.cool/fish2018/duanju/-/git/raw/main/ext/七味短剧.json"
        },
        {
            "key": "✨cms短剧✨",
            "name": "✨cms短剧✨",
            "type": 3,
            "api": "csp_XBPQ",
            "searchable": 1,
            "quickSearch": 1,
            "filterable": 1,
            "ext": "https://cnb.cool/fish2018/duanju/-/git/raw/main/ext/cms短剧.json"
        },
        {
            "key": "✨白嫖者联盟✨",
            "name": "✨白嫖短剧✨",
            "type": 3,
            "api": "csp_XBPQ",
            "searchable": 1,
            "quickSearch": 1,
            "filterable": 1,
            "ext": "https://cnb.cool/fish2018/duanju/-/git/raw/main/ext/白嫖者.json"
        },
        {
            "key": "✨短剧屋✨",
            "name": "✨短剧屋✨",
            "type": 3,
            "api": "csp_XBPQ",
            "searchable": 1,
            "quickSearch": 1,
            "filterable": 1,
            "ext": "https://cnb.cool/fish2018/duanju/-/git/raw/main/ext/短剧屋.json"
        },
        {
            "key": "✨胖虎影院✨",
            "name": "✨胖虎短剧✨",
            "type": 3,
            "api": "csp_XBPQ",
            "searchable": 1,
            "quickSearch": 1,
            "filterable": 1,
            "ext": "https://cnb.cool/fish2018/duanju/-/git/raw/main/ext/胖虎短剧.json"
        },
        {
            "key": "✨老王影院✨",
            "name": "✨老王短剧✨",
            "type": 3,
            "api": "csp_XBPQ",
            "searchable": 1,
            "quickSearch": 1,
            "filterable": 1,
            "ext": "https://cnb.cool/fish2018/duanju/-/git/raw/main/ext/老王短剧.json"
        },
        {
            "key": "✨奇优影院✨",
            "name": "✨奇优短剧✨",
            "type": 3,
            "api": "csp_XBPQ",
            "searchable": 1,
            "quickSearch": 1,
            "filterable": 1,
            "ext": "https://cnb.cool/fish2018/duanju/-/git/raw/main/ext/奇优短剧.json"
        },
        {
            "key": "✨天龙影院✨",
            "name": "✨天龙短剧✨",
            "type": 3,
            "api": "csp_XBPQ",
            "searchable": 1,
            "quickSearch": 1,
            "filterable": 1,
            "ext": "https://cnb.cool/fish2018/duanju/-/git/raw/main/ext/天龙短剧.json"
        },
        {
            "key": "✨短剧大全✨",
            "name": "✨短剧大全✨",
            "type": 3,
            "api": "csp_XBPQ",
            "searchable": 1,
            "quickSearch": 1,
            "filterable": 1,
            "ext": "https://cnb.cool/fish2018/duanju/-/git/raw/main/ext/短剧大全.json"
        }
    ],
    "parses": [
        {
            "name": "Web聚合",
            "type": 3,
            "url": "Web"
        },
        {
            "name": "-咸鱼-",
            "type": 0,
            "url": "https://jx.xyflv.cc/?url=",
            "ext": {
                "header": {
                    "user-agent": "Mozilla/5.0 (Linux; Android 13; V2049A Build/TP1A.220624.014; wv) AppleWebKit/537.36 (KHTML, like Gecko) Version/4.0 Chrome/116.0.0.0 Mobile Safari/537.36",
                    "referer": "https://www.xyflv.cc/"
                }
            }
        },
        {
            "name": "-虾米-",
            "type": 0,
            "url": "https://jx.xmflv.com/?url=",
            "ext": {
                "header": {
                    "user-agent": "Mozilla/5.0 (Windows NT 10.0; Win64; x64) AppleWebKit/537.36 (KHTML, like Gecko) Chrome/110.0.0.0 Safari/537.36 Edg/110.0.1587.57"
                }
            }
        },
        {
            "name": "-爱酷-",
            "type": 0,
            "url": "https://jx.zhanlangbu.com/?url=",
            "ext": {
                "flag": [
                    "qq",
                    "腾讯",
                    "qiyi",
                    "爱奇艺",
                    "奇艺",
                    "youku",
                    "优酷",
                    "mgtv",
                    "芒果",
                    "letv",
                    "乐视",
                    "pptv",
                    "PPTV",
                    "sohu",
                    "bilibili",
                    "哔哩哔哩",
                    "哔哩"
                ],
                "ext": {
                    "header": {
                        "user-agent": "Mozilla/5.0 (Linux; Android 13; V2049A Build/TP1A.220624.014; wv) AppleWebKit/537.36 (KHTML, like Gecko) Version/4.0 Chrome/116.0.0.0 Mobile Safari/537.36"
                    }
                }
            }
        },
        {
            "name": "-云解析-",
            "type": 0,
            "url": "https://jx.yparse.com/index.php?url=",
            "ext": {
                "header": {
                    "user-agent": "Mozilla/5.0 (Linux; Android 13; V2049A Build/TP1A.220624.014; wv) AppleWebKit/537.36 (KHTML, like Gecko) Version/4.0 Chrome/116.0.0.0 Mobile Safari/537.36"
                }
            }
        },
        {
            "name": "-777-",
            "type": 0,
            "url": "https://jx.jsonplayer.com/player/?url=",
            "ext": {
                "header": {
                    "user-agent": "Mozilla/5.0 (Linux; Android 13; V2049A Build/TP1A.220624.014; wv) AppleWebKit/537.36 (KHTML, like Gecko) Version/4.0 Chrome/116.0.0.0 Mobile Safari/537.36"
                }
            }
        },
        {
            "name": "-剖云-",
            "type": 0,
            "url": "https://www.kkvip2022.com/vip/jiexi1/?url=",
            "ext": {
                "header": {
                    "user-agent": "Mozilla/5.0 (Linux; Android 13; V2049A Build/TP1A.220624.014; wv) AppleWebKit/537.36 (KHTML, like Gecko) Version/4.0 Chrome/116.0.0.0 Mobile Safari/537.36"
                }
            }
        },
        {
            "name": "-全看-",
            "type": 0,
            "url": "https://jx.quankan.app/?url=",
            "ext": {
                "header": {
                    "user-agent": "Mozilla/5.0 (Linux; Android 13; V2049A Build/TP1A.220624.014; wv) AppleWebKit/537.36 (KHTML, like Gecko) Version/4.0 Chrome/116.0.0.0 Mobile Safari/537.36"
                }
            }
        },
        {
            "name": "-爱豆-",
            "type": 0,
            "url": "https://jx.aidouer.net/?url=",
            "ext": {
                "header": {
                    "user-agent": "Mozilla/5.0 (Linux; Android 13; V2049A Build/TP1A.220624.014; wv) AppleWebKit/537.36 (KHTML, like Gecko) Version/4.0 Chrome/116.0.0.0 Mobile Safari/537.36",
                    "referer": "https://jiejie.uk/"
                }
            }
        },
        {
            "name": "飞云",
            "type": 1,
            "url": "http://122.228.84.103:7777/api/?key=lEoJRrX01Drg8Of5aA&url="
        },
        {
            "name": "春盈解析",
            "type": 1,
            "url": "http://119.91.123.253:2345/Api/yun.php?url=",
            "ext": {
                "flag": [
                    "qq",
                    "腾讯",
                    "企鹅",
                    "IQiYi",
                    "qiyi",
                    "爱奇艺",
                    "奇艺",
                    "youku",
                    "YouKu",
                    "优酷",
                    "sohu",
                    "SoHu",
                    "搜狐",
                    "letv",
                    "LeShi",
                    "乐视",
                    "imgo",
                    "mgtv",
                    "MangGuo",
                    "芒果",
                    "SLYS4k",
                    "BYGA",
                    "luanzi",
                    "AliS",
                    "dxzy",
                    "bilibili",
                    "QEYSS",
                    "xigua",
                    "西瓜视频",
                    "腾讯视频",
                    "奇艺视频",
                    "优酷视频",
                    "芒果视频",
                    "乐视视频"
                ],
                "header": {
                    "User-Agent": "Dart/2.18 (dart:io)"
                }
            }
        },
        {
            "name": "🌎云解析",
            "type": 1,
            "url": "http://119.91.123.253:2345/Api/yun.php?url=",
            "ext": {
                "flag": [
                    "qiyi",
                    "imgo",
                    "爱奇艺",
                    "奇艺",
                    "qq",
                    "腾讯",
                    "youku",
                    "优酷",
                    "pptv",
                    "PPTV",
                    "letv",
                    "乐视",
                    "leshi",
                    "bilibili",
                    "哔哩哔哩",
                    "哔哩",
                    "mgtv",
                    "芒果",
                    "sohu",
                    "xigua",
                    "fun",
                    "风行"
                ],
                "header": {
                    "User-Agent": "Mozilla/5.0"
                }
            },
            "header": {
                "User-Agent": "Mozilla/5.0"
            }
        },
        {
            "name": "超级1",
            "type": 1,
            "url": "https://api.json.icu/api/?key=0bfb59b5928233f5665db10ebcade96f&url="
        },
        {
            "name": "超级2",
            "type": 1,
            "url": "https://py.newdays.cc/lunxun/json.php?url="
        },
        {
            "name": "-8090g-",
            "type": 0,
            "url": "https://www.8090g.cn/jiexi/?url="
        },
        {
            "name": "-ik9-",
            "type": 0,
            "url": "https://yparse.ik9.cc/index.php?url="
        },
        {
            "name": "-杰森-",
            "type": 0,
            "url": "https://jx.jsonplayer.com/player/?url="
        },
        {
            "name": "-阳途-",
            "type": 0,
            "url": "https://jx.yangtu.top/?url="
        },
        {
            "name": "-冰豆-",
            "type": 0,
            "url": "https://bd.jx.cn/?url="
        },
        {
            "name": "-m3u8TV-",
            "type": 0,
            "url": "https://jx.m3u8.tv/jiexi/?url="
        },
        {
            "name": "-听乐-",
            "type": 0,
            "url": "https://jx.dj6u.com/?url="
        },
        {
            "name": "-云析-",
            "type": 0,
            "url": "https://jx.yparse.com/index.php?url="
        },
        {
            "name": "-红狐-",
            "type": 0,
            "url": "https://player.mrgaocloud.com/player/?url="
        },
        {
            "name": "★全能嗅探★",
            "type": 0,
            "url": "https://www.youleshi.cn/player/?url=",
            "ext": {
                "flag": [
                    "canglan"
                ],
                "header": {
                    "User-Agent": "okhttp/4.1.0"
                }
            }
        },
        {
            "name": "🌎DB",
            "type": 1,
            "url": "http://119.91.123.253:2345/Api/yun.php?url=",
            "ext": {
                "flag": [
                    "qiyi",
                    "imgo",
                    "爱奇艺",
                    "奇艺",
                    "qq",
                    "腾讯",
                    "youku",
                    "优酷",
                    "pptv",
                    "PPTV",
                    "letv",
                    "乐视",
                    "leshi",
                    "bilibili",
                    "哔哩哔哩",
                    "哔哩",
                    "mgtv",
                    "芒果",
                    "sohu",
                    "xigua",
                    "fun",
                    "风行"
                ],
                "header": {
                    "User-Agent": "Mozilla/5.0"
                }
            },
            "header": {
                "User-Agent": "Mozilla/5.0"
            }
        }
    ],
    "flags": [
        "youku",
        "优酷",
        "优 酷",
        "优酷视频",
        "qq",
        "腾讯",
        "腾 讯",
        "腾讯视频",
        "iqiyi",
        "qiyi",
        "奇艺",
        "爱奇艺",
        "艺",
        "m1爱 奇 905",
        "xigua",
        "letv",
        "leshi",
        "乐视",
        "乐 视",
        "sohu",
        "搜狐",
        "搜 狐",
        "搜狐视频",
        "tudou",
        "pptv",
        "mgtv",
        "芒果",
        "imgo",
        "芒果TV",
        "芒 果 T V",
        "bilibili",
        "哔 哩",
        "哔 哩 哔 哩"
    ],
    "doh": [
        {
            "name": "騰訊",
            "url": "https://doh.pub/dns-query"
        },
        {
            "name": "阿里",
            "url": "https://dns.alidns.com/dns-query"
        },
        {
            "name": "360",
            "url": "https://doh.360.cn/dns-query"
        },
        {
            "name": "Google",
            "url": "https://dns.google/dns-query",
            "ips": [
                "8.8.4.4",
                "8.8.8.8"
            ]
        },
        {
            "name": "Cloudflare",
            "url": "https://cloudflare-dns.com/dns-query",
            "ips": [
                "1.1.1.1",
                "1.0.0.1",
                "2606:4700:4700::1111",
                "2606:4700:4700::1001"
            ]
        },
        {
            "name": "AdGuard",
            "url": "https://dns.adguard.com/dns-query",
            "ips": [
                "94.140.14.140",
                "94.140.14.141"
            ]
        },
        {
            "name": "DNSWatch",
            "url": "https://resolver2.dns.watch/dns-query",
            "ips": [
                "84.200.69.80",
                "84.200.70.40"
            ]
        },
        {
            "name": "Quad9",
            "url": "https://dns.quad9.net/dns-query",
            "ips": [
                "9.9.9.9",
                "149.112.112.112"
            ]
        }
    ],
    "ijk": [
        {
            "group": "软解码",
            "options": [
                {
                    "category": 4,
                    "name": "opensles",
                    "value": "0"
                },
                {
                    "category": 4,
                    "name": "overlay-format",
                    "value": "842225234"
                },
                {
                    "category": 4,
                    "name": "framedrop",
                    "value": "1"
                },
                {
                    "category": 4,
                    "name": "soundtouch",
                    "value": "1"
                },
                {
                    "category": 4,
                    "name": "start-on-prepared",
                    "value": "1"
                },
                {
                    "category": 1,
                    "name": "http-detect-range-support",
                    "value": "0"
                },
                {
                    "category": 1,
                    "name": "fflags",
                    "value": "fastseek"
                },
                {
                    "category": 2,
                    "name": "skip_loop_filter",
                    "value": "48"
                },
                {
                    "category": 4,
                    "name": "reconnect",
                    "value": "1"
                },
                {
                    "category": 4,
                    "name": "enable-accurate-seek",
                    "value": "0"
                },
                {
                    "category": 4,
                    "name": "mediacodec",
                    "value": "0"
                },
                {
                    "category": 4,
                    "name": "mediacodec-auto-rotate",
                    "value": "0"
                },
                {
                    "category": 4,
                    "name": "mediacodec-handle-resolution-change",
                    "value": "0"
                },
                {
                    "category": 4,
                    "name": "mediacodec-hevc",
                    "value": "0"
                },
                {
                    "category": 1,
                    "name": "dns_cache_timeout",
                    "value": "600000000"
                }
            ]
        },
        {
            "group": "硬解码",
            "options": [
                {
                    "category": 4,
                    "name": "opensles",
                    "value": "0"
                },
                {
                    "category": 4,
                    "name": "overlay-format",
                    "value": "842225234"
                },
                {
                    "category": 4,
                    "name": "framedrop",
                    "value": "1"
                },
                {
                    "category": 4,
                    "name": "soundtouch",
                    "value": "1"
                },
                {
                    "category": 4,
                    "name": "start-on-prepared",
                    "value": "1"
                },
                {
                    "category": 1,
                    "name": "http-detect-range-support",
                    "value": "0"
                },
                {
                    "category": 1,
                    "name": "fflags",
                    "value": "fastseek"
                },
                {
                    "category": 2,
                    "name": "skip_loop_filter",
                    "value": "48"
                },
                {
                    "category": 4,
                    "name": "reconnect",
                    "value": "1"
                },
                {
                    "category": 4,
                    "name": "enable-accurate-seek",
                    "value": "0"
                },
                {
                    "category": 4,
                    "name": "mediacodec",
                    "value": "1"
                },
                {
                    "category": 4,
                    "name": "mediacodec-auto-rotate",
                    "value": "1"
                },
                {
                    "category": 4,
                    "name": "mediacodec-handle-resolution-change",
                    "value": "1"
                },
                {
                    "category": 4,
                    "name": "mediacodec-hevc",
                    "value": "1"
                },
                {
                    "category": 1,
                    "name": "dns_cache_timeout",
                    "value": "600000000"
                }
            ]
        }
    ],
    "rules": [
        {
            "name": "海外看",
            "hosts": ["haiwaikan"],
            "regex": ["#EXTINF:(0|1|2|7\\.90).*?\\s+.*?921c07e8bfad6789.*?\\.ts\\s+"]
        },
        {
            "name": "暴风嗅探",
            "hosts": ["bfzy"],
            "regex": ["#EXT-X-DISCONTINUITY\\r*\\n*#EXTINF:3,[\\s\\S]*?#EXT-X-DISCONTINUITY"]
        },
        {
            "name": "星星嗅探",
            "hosts": ["aws.ulivetv.net"],
            "regex": ["#EXT-X-DISCONTINUITY\\r*\\n*#EXTINF:8,[\\s\\S]*?#EXT-X-DISCONTINUITY"]
        },
        {
            "name": "量子嗅探",
            "hosts": ["vip.lz", "hd.lz", "v.cdnlz"],
            "regex": ["#EXT-X-DISCONTINUITY\\r*\\n*#EXTINF:6.433333,[\\s\\S]*?#EXT-X-DISCONTINUITY", "#EXTINF.*?\\s+.*?1o.*?\\.ts\\s+"]
        },
        {
            "name": "非凡嗅探",
            "hosts": ["vip.ffzy", "hd.ffzy"],
            "regex": ["#EXT-X-DISCONTINUITY\\r*\\n*#EXTINF:6.666667,[\\s\\S]*?#EXT-X-DISCONTINUITY", "#EXTINF.*?\\s+.*?1o.*?\\.ts\\s+"]
        },
        {
            "name": "火山嗅探",
            "hosts": ["huoshan.com"],
            "regex": ["item_id="]
        },
        {
            "name": "抖音嗅探",
            "hosts": ["douyin.com"],
            "regex": ["is_play_url="]
        },
        {
            "name": "爱酷",
            "hosts": ["cdn.json.icu"],
            "regex": ["#EXTINF:1.000000,[\\s\\S]*?#EXT-X-ENDLIST"]
        },
        {
            "name": "米来",
            "hosts": ["zy.behds.cn"],
            "regex": ["#EXTINF"]
        },
        {
            "name": "ICU",
            "hosts": ["cdn.json.icu"],
            "regex": ["#EXTINF:1.000000,[\\s\\S]*?#EXT-X-ENDLIST"]
        },
        {
            "host": "www.iesdouyin.com",
            "rule": ["playwm/?video_id="]
        },
        {
            "host": "v.douyin.com",
            "rule": ["playwm/?video_id="]
        },
        {
            "host": "www.djuu.com",
            "rule": ["mp4.djuu.com", "m4a"]
        },
        {
            "host": "http://www.sharenice.net/douyin",
            "rule": ["https://www.douyin.com/aweme/", "video_id="]
        },
        {
            "host": "www.sharenice.net",
            "rule": ["huoshan.com", "/video/"]
        },
        {
            "host": "www.sharenice.net",
            "rule": ["sovv.qianpailive.com", "vid="]
        },
        {
            "host": "hdmoli.com",
            "rule": [".m3u8"]
        },
        {
            "host": "https://live.bilibili.com",
            "rule": ["bilivideo.com/live-bvc", "index.m3u8?expires="]
        },
        {
            "host": "m.ysxs8.vip",
            "rule": ["xmcdn.com", "m4a"]
        },
        {
            "host": "www.agemys.cc",
            "rule": ["cdn-tos", "obj/tos-cn"]
        },
        {
            "host": "https://www.fun4k.com",
            "rule": ["https://hd.ijycnd.com/play", "index.m3u8"]
        },
        {
            "host": "www.007ts.me",
            "rule": ["hls.pchj.net", ".m3u8"]
        },
        {
            "host": "zjmiao.com",
            "rule": ["play.videomiao.vip/API.php", "time=", "key=", "path="]
        },
        {
            "host": "dyxs20.com",
            "rule": [".m3u8"]
        },
        {
            "host": "*",
            "rule": ["default.365yg.com"]
        },
        {
            "host": "www.djuu.com",
            "rule": ["mp4.djuu.com", "m4a"]
        },
        {
            "host": "www.sharenice.net",
            "rule": ["huoshan.com", "/item/video/"],
            "filter": ["影视"]
        },
        {
            "host": "www.sharenice.net",
            "rule": ["sovv.qianpailive.com", "vid="],
            "filter": ["影视"]
        },
        {
            "host": "www.sharenice.net",
            "rule": ["douyin.com", "/play/"]
        },
        {
            "host": "m.ysxs8.vip",
            "rule": ["ysting.ysxs8.vip:81", "xmcdn.com"],
            "filter": ["影视"]
        },
        {
            "host": "hdmoli.com",
            "rule": [".m3u8"]
        },
        {
            "host": "https://api.live.bilibili.com",
            "rule": ["bilivideo.com", "/index.m3u8"],
            "filter": ["data.bilibili.com/log/web", "i0.hdslb.com/bfs/live/"]
        },
        {
            "host": "www.fun4k.com",
            "rule": ["https://hd.ijycnd.com/play", "index.m3u8"]
        },
        {
            "host": "www.iesdouyin.com",
            "rule": ["playwm/?video_id="]
        },
        {
            "host": "www.ysgc.vip",
            "rule": ["getm3u8?url=http"]
        },
        {
            "host": "v.douyin.com",
            "rule": ["playwm/?video_id="]
        },
        {
            "host": "*",
            "rule": ["douyin.com/aweme", "video_id="]
        },
        {
            "host": "*",
            "rule": ["huoshan.com", "/item/video/"]
        },
        {
            "host": "*",
            "rule": ["http((?!http).){12,}?\\.(m3u8|mp4|flv|avi|mkv|rm|wmv|mpg|m4a)\\?.*"]
        },
        {
            "host": "*",
            "rule": ["http((?!http).){12,}\\.(m3u8|mp4|flv|avi|mkv|rm|wmv|mpg|m4a)"]
        },
        {
            "host": "www.agemys.cc",
            "rule": ["cdn-tos", "obj/tos-cn"]
        },
        {
            "host": "www.sharenice.net",
            "rule": ["http.*?/play.{0,3}\\?[^url]{2,8}=.*", "qianpailive.com", "vid="]
        },
        {
            "host": "www.sharenice.net",
            "rule": ["qianpailive.com", "vid="]
        },
        {
            "name": "星星",
            "hosts": ["aws.ulivetv.net"],
            "regex": ["#EXT-X-DISCONTINUITY\\r*\\n*#EXTINF:8,[\\s\\S]*?#EXT-X-DISCONTINUITY", "#EXT-X-DISCONTINUITY\\r*\\n*#EXTINF:9,[\\s\\S]*?#EXT-X-DISCONTINUITY"]
        },
        {
            "name": "海外看",
            "hosts": ["haiwaikan"],
            "regex": ["8.1748", "10.0099", "10.3333"]
        },
        {
            "name": "暴风广告",
            "hosts": ["bfzy", "s5.bfzycdn"],
            "regex": ["#EXT-X-DISCONTINUITY\\r*\\n*#EXTINF:3,[\\s\\S]*?#EXT-X-DISCONTINUITY"]
        },
        {
            "name": "蜗牛直连去广",
            "hosts": ["vip.123pan.cn", "rescdn.wuxivlog.cn"],
            "regex": ["#EXT-X-DISCONTINUITY\\r*\\n*#EXTINF:20.840000,[\\s\\S]*?#EXT-X-DISCONTINUITY", "#EXT-X-DISCONTINUITY\\r*\\n*#EXTINF:10.120000,[\\s\\S]*?#EXT-X-DISCONTINUITY", "#EXTINF.*?\\s+.*?1o.*?\\.ts\\s+"]
        },
        {
            "name": "量子广告",
            "hosts": ["vip.lz", "hd.lz", "v.cdnlz"],
            "regex": ["#EXT-X-DISCONTINUITY\\r*\\n*#EXTINF:6.433333,[\\s\\S]*?#EXT-X-DISCONTINUITY", "#EXTINF.*?\\s+.*?1o.*?\\.ts\\s+"]
        },
        {
            "name": "非凡广告",
            "hosts": ["vip.ffzy", "hd.ffzy"],
            "regex": ["#EXT-X-DISCONTINUITY\\r*\\n*#EXTINF:6.666667,[\\s\\S]*?#EXT-X-DISCONTINUITY", "#EXTINF.*?\\s+.*?1o.*?\\.ts\\s+"]
        },
        {
            "name": "暴风广告",
            "hosts": ["bfzy"],
            "regex": ["#EXT-X-DISCONTINUITY\\r*\\n*#EXTINF:3,[\\s\\S]*?#EXT-X-DISCONTINUITY", "#EXTINF.*?\\s+.*?1o.*?\\.ts\\s+"]
        },
        {
            "name": "索尼广告",
            "hosts": ["suonizy"],
            "regex": ["#EXT-X-DISCONTINUITY\\r*\\n*#EXTINF:7.680000,[\\s\\S]*?#EXT-X-DISCONTINUITY", "#EXTINF.*?\\s+.*?1o.*?\\.ts\\s+"]
        },
        {
            "name": "采集站广告",
            "hosts": ["vip.ffzy", "hd.ffzy", "vip.lz", "hd.lz", ".cdnlz", "suonizy", "bfzy"],
            "regex": ["#EXTINF.*?\\s+.*?1o.*?\\.ts\\s+", "#EXTINF.*?\\s+.*?11697777.*?\\.ts\\s+", "#EXTINF.*?\\s+.*?p1ayer.*?\\.ts\\s+"]
        },
        {
            "name": "磁力广告",
            "hosts": ["magnet"],
            "regex": ["更多", "社區", "xuu", "最新", "直播", "更新", "社区", "有趣", "新片首发", "UUE29"]
        },
        {
            "name": "火山嗅探",
            "hosts": ["huoshan.com"],
            "regex": ["item_id="]
        },
        {
            "name": "抖音嗅探",
            "hosts": ["douyin.com"],
            "regex": ["is_play_url="]
        },
        {
            "name": "农民嗅探",
            "hosts": ["toutiaovod.com"],
            "regex": ["video/tos/cn"]
        },
        {
            "name": "proxy",
            "hosts": ["raw.githubusercontent.com", "googlevideo.com", "cdn.v82u1l.com", "cdn.iz8qkg.com", "cdn.kin6c1.com", "c.biggggg.com", "c.olddddd.com", "haiwaikan.com", "www.histar.tv", "youtube.com", "uhibo.com", ".*boku.*", ".*nivod.*", ".*ulivetv.*"]
        },
        {
            "host": "zjmiao.com",
            "rule": ["play.videomiao.vip/API.php", "time=", "key=", "path="]
        }
    ],
    "ads": [
        "wan.51img1.com",
        "iqiyi.hbuioo.com",
        "vip.ffzyad.com",
        "https://lf1-cdn-tos.bytegoofy.com/obj/tos-cn-i-dy/455ccf9e8ae744378118e4bd289288dd",
        "mimg.0c1q0l.cn",
        "www.googletagmanager.com",
        "www.google-analytics.com",
        "mc.usihnbcq.cn",
        "mg.g1mm3d.cn",
        "mscs.svaeuzh.cn",
        "cnzz.hhttm.top",
        "tp.vinuxhome.com",
        "cnzz.mmstat.com",
        "www.baihuillq.com",
        "s23.cnzz.com",
        "z3.cnzz.com",
        "c.cnzz.com",
        "stj.v1vo.top",
        "z12.cnzz.com",
        "img.mosflower.cn",
        "tips.gamevvip.com",
        "ehwe.yhdtns.com",
        "xdn.cqqc3.com",
        "www.jixunkyy.cn",
        "sp.chemacid.cn",
        "hm.baidu.com",
        "s9.cnzz.com",
        "z6.cnzz.com",
        "um.cavuc.com",
        "mav.mavuz.com",
        "wofwk.aoidf3.com",
        "z5.cnzz.com",
        "so.toutiao.com",
        "xc.hubeijieshikj.cn",
        "tj.tianwenhu.com",
        "xg.gars57.cn",
        "k.jinxiuzhilv.com",
        "cdn.bootcss.com",
        "ppl.xunzhuo123.com",
        "xomk.jiangjunmh.top",
        "img.xunzhuo123.com",
        "z1.cnzz.com",
        "s13.cnzz.com",
        "xg.huataisangao.cn",
        "z7.cnzz.com",
        "z2.cnzz.com",
        "s96.cnzz.com",
        "q11.cnzz.com",
        "thy.dacedsfa.cn",
        "xg.whsbpw.cn",
        "s19.cnzz.com",
        "z8.cnzz.com",
        "s4.cnzz.com",
        "f5w.as12df.top",
        "ae01.alicdn.com",
        "www.92424.cn",
        "k.wudejia.com",
        "vivovip.mmszxc.top",
        "qiu.xixiqiu.com",
        "cdnjs.hnfenxun.com",
        "cms.qdwght.com"
    ],
    "wallpaper": "http://74.120.175.78/JK/api/bg/"
}